Company,Career Page URL
Walmart,https://careers.walmart.com//
Amazon,https://www.amazon.jobs/
Apple,https://www.apple.com/careers/in/
CVS Health,https://jobs.cvshealth.com/
UnitedHealth Group,https://careers.unitedhealthgroup.com/
Exxon Mobil,https://jobs.exxonmobil.com/
Berkshire Hathaway,https://bhhc.com/careers-at-bhhc/
Alphabet,https://www.alphabet.com/en-ww/company-careers
McKesson,https://careers.mckesson.com/en
AmerisourceBergen,https://www.amerisourcebergen.com/careers-home
Costco Wholesale,https://www.costco.com/careers.html
Cigna,https://jobs.thecignagroup.com/
AT&T,https://www.att.jobs/
Microsoft,https://careers.microsoft.com/
Cardinal Health,https://www.cardinalhealth.com/en/careers.html
Chevron,https://careers.chevron.com/
Home Depot,https://careers.homedepot.com/
Walgreens Boots Alliance,https://www.walgreensbootsalliance.com/careers
Marathon Petroleum,https://www.marathonpetroleum.com/Jobs/
Elevance Health,https://careers.elevancehealth.com/en/
Kroger,https://www.krogerfamilycareers.com/
Ford Motor,https://corporate.ford.com/careers.html
Verizon Communications,https://mycareer.verizon.com/jobs/
JPMorgan Chase,https://careers.jpmorgan.com/us/en/chase
General Motors,https://search-careers.gm.com/en/jobs/
Centene,https://jobs.centene.com/
Meta Platforms,https://www.metacareers.com/jobs
Comcast,https://jobs.comcast.com/
Phillips 66,https://careers.phillips66.com/
Valero Energy,https://www.valero.com/careers
Dell Technologies,https://jobs.dell.com/en
Target,https://india.target.com/careers
Fannie Mae,https://www.fanniemae.com/careers
United Parcel Service,https://www.jobs-ups.in/
Lowe's,https://talent.lowes.com/in/en/home
Bank of America,https://careers.bankofamerica.com/en-us
Johnson & Johnson,https://www.careers.jnj.com/india/overview
Archer Daniels Midland,https://www.adm.com/en-us/culture-and-careers/join-team-adm/
FedEx,https://careers.fedex.com/
Humana,https://careers.humana.com/
Wells Fargo,https://www.wellsfargo.com/about/careers/
State Farm Insurance,https://jobs.statefarm.com/
Pfizer,https://www.pfizer.com/about/careers
Citigroup,https://jobs.citi.com/
PepsiCo,https://www.pepsicojobs.com/main/
Intel,https://jobs.intel.com/en
Procter & Gamble,https://www.pgcareers.com/in/en
General Electric,https://jobs.gecareers.com/
IBM,https://www.ibm.com/in-en/careers/search
MetLife,https://www.metlifecareers.com/en_US/ml/Home
Prudential Financial,https://jobs.prudential.com/
Albertsons,https://www.albertsons.com/careers.html
Walt Disney,https://www.disneycareers.com/en
Energy Transfer,https://www.energytransfer.com/internships/
Lockheed Martin,https://www.lockheedmartin.com/en-us/careers/index.html
Freddie Mac,https://careers.freddiemac.com/
Goldman Sachs Group,https://www.goldmansachs.com/careers/
Raytheon Technologies,https://careers.rtx.com/
HP,https://apply.hp.com/
Boeing,https://jobs.boeing.com/
Morgan Stanley,https://www.morganstanley.com/careers/career-opportunities-search
HCA Healthcare,https://careers.hcahealthcare.com/
AbbVie,https://careers.abbvie.com/en/
Dow,https://corporate.dow.com/en-us/careers/work-at-dow.html
Tesla,https://www.tesla.com/careers
Allstate,https://www.allstatecorporation.com/careers.aspx
American International Group,https://www.aig.com/home/careers
Best Buy,https://jobs.bestbuy.com/
Charter Communications,https://jobs.spectrum.com/
Sysco,https://careers.sysco.com/
Merck,https://jobs.merck.com/us/en
New York Life Insurance,https://www.newyorklife.com/careers
Caterpillar,https://www.caterpillar.com/en/careers.html
Cisco Systems,https://www.cisco.com/c/en/us/about/careers.html
TJX,https://www.tjx.com/careers
Publix Super Markets,https://corporate.publix.com/careers/applicant-resources/job-match
ConocoPhillips,https://careers.conocophillips.com/
Liberty Mutual Insurance Group,https://www.libertymutualgroup.com/about-lm/careers/overview
Progressive,https://www.progressive.com/careers/
Nationwide,https://nationwide.wd1.myworkdayjobs.com/Nationwide_Career
Tyson Foods,https://www.tysonfoods.com/careers
Bristol-Myers Squibb,https://careers.bms.com/
Nike,https://jobs.nike.com/
Deere,http://careers.deere.com/careers?location=India
American Express,https://www.americanexpress.com/en-us/careers/
Abbott Laboratories,https://www.abbott.com/careers.html
StoneX Group,https://www.stonex.com/about/careers/
Plains GP Holdings,https://www.plains.com/careers/career-opportunities
Enterprise Products Partners,https://www.enterpriseproducts.com/careers/
TIAA,https://careers.tiaa.org/
Oracle,https://www.oracle.com/in/careers/
Thermo Fisher Scientific,https://jobs.thermofisher.com/global/en
Coca-Cola,https://www.coca-colacompany.com/careers
General Dynamics,https://www.gd.com/careers
CHS,https://jobs.chsinc.com/business/custom_fields.customcategory/enterprise/34006/5
USAA,https://www.usaajobs.com/
Northwestern Mutual,https://careers.northwesternmutual.com/
Nucor,http://nucor.com/careers
Exelon,https://jobs.exeloncorp.com/
Massachusetts Mutual Life Insurance,https://careers.massmutual.com/
Northrop Grumman,https://www.northropgrumman.com/careers
3M,https://www.3mindia.in/3M/en_IN/careers-in/
Travelers,https://careers.travelers.com/
Arrow Electronics,https://careers.arrow.com/us/en
Honeywell International,https://careers.honeywell.com/
Dollar General,https://careers.dollargeneral.com/
Qualcomm,https://careers.qualcomm.com/
Capital One Financial,https://www.capitalonecareers.com/
TD Synnex,https://careers.tdsynnex.com/
Philip Morris International,https://www.pmi.com/careers/overview
World Fuel Services,https://www.world-kinect.com/careers
Performance Food Group,https://www.pfgc.com/careers
Delta Air Lines,https://www.delta.com/us/en/careers/overview
American Airlines Group,https://jobs.aa.com/
Netflix,https://jobs.netflix.com/search
Paramount Global,https://www.paramount.com/careers
US Foods Holding,https://www.usfoods.com/careers.html
Danaher,https://jobs.danaher.com/global/en/search-results
Jabil,https://careers.jabil.com/en/
Starbucks,https://careers.starbucks.in/
Mondelez International,https://www.mondelezinternational.com/careers/
Eli Lilly,https://www.lilly.com/in/careers
Hewlett Packard Enterprise,https://careers.hpe.com/us/en
D.R. Horton,https://www.drhorton.com/careers
Molina Healthcare,https://careers.molinahealthcare.com/search-jobs/
CBRE Group,https://www.cbre.com/careers
Micron Technology,https://in.micron.com/about/careers
Broadcom,https://www.broadcom.com/company/careers
Gilead Sciences,https://www.gilead.com/careers/careers-at-gilead
PBF Energy,https://www.pbfenergy.com/careers/
Lennar,https://careers.lennar.com/
United Natural Foods,https://www.unfi.com/careers-home
NRG Energy,https://www.nrg.com/about/careers.html
Nvidia,https://www.nvidia.com/en-in/about-nvidia/careers/
Occidental Petroleum,https://www.oxy.com/careers/
Salesforce,https://www.salesforce.com/in/company/careers/rdr/
Dollar Tree,https://careers.dollartree.com/
KKR,https://www.kkr.com/careers/career-opportunities
Kraft Heinz,https://careers.kraftheinz.com/
Amgen,https://careers.amgen.com/en
AutoNation,https://careers.autonation.com/
Penske Automotive Group,https://www.penske.com/careers/
PayPal,https://careers.pypl.com/home/
Macy's,https://www.macysinc.com/work-with-us/careers/default.aspx
Duke Energy,https://www.duke-energy.com/our-company/careers
United Airlines Holdings,https://careers.united.com/
Visa,https://www.visa.co.in/careers.html
Rite Aid,https://careers.riteaid.com/
Cummins,https://www.cummins.com/careers
U.S. Bancorp,https://careers.usbank.com/
Paccar,https://jobs.paccar.com/
McDonald's,https://careers.mcdonalds.com/
Southern,https://www.southernrailway.com/about-us/careers
C.H. Robinson Worldwide,https://jobs.chrobinson.com/search-jobs
Truist Financial,https://careers.truist.com/
Applied Materials,https://www.appliedmaterials.com/us/en/careers.html
Freeport-McMoRan,https://www.fcx.com/careers
Lithia Motors,https://careers.lithiadriveway.com/
Blackstone,https://www.blackstone.com/careers/careers-blackstone/
Hartford Financial Services Group,https://www.thehartford.com/careers
Aflac,https://careers.aflac.com/
Whirlpool,https://www.whirlpoolcareers.com/
Union Pacific,https://up.jobs/
International Paper,https://jobs.internationalpaper.com/content/Career/?locale=en_US
Altria Group,https://www.altria.com/en/people-and-careers/careers
CDW,http://www.cdwjobs.com/
ManpowerGroup,https://www.manpowergroup.com/en/careers
PG&E,https://www.pge.com/en/about/careers.html
Carrier Global,https://www.corporate.carrier.com/careers/
Baker Hughes,https://careers.bakerhughes.com/
Cleveland-Cliffs,https://careers.clevelandcliffs.com/
United States Steel,https://www.ussteel.com/careers/careers-in-steel
Becton Dickinson,https://jobs.bd.com/
CarMax,https://careers.carmax.com/
Sherwin-Williams,https://careers.sherwin-williams.com/
Builders FirstSource,https://careers.bldr.com/candidate-experience-and-tips
Marsh & McLennan,https://careers.marshmclennan.com/
PNC Financial Services Group,https://careers.pnc.com/global/en
Lumen Technologies,https://jobs.lumen.com/global/en
Avnet,https://www.avnet.com/wps/portal/us/about-avnet/careers/
Tenet Healthcare,https://jobs.tenethealth.com/
Kimberly-Clark,https://careers.kimberly-clark.com/en/india
Kohl's,https://careers.kohls.com/
BlackRock,https://careers.blackrock.com/
Jones Lang LaSalle,https://www.jll.co.in/en/careers
Lear,https://www.lear.com/careers
Lincoln National,https://www.lincolnfinancial.com/public/aboutus/careers
Charles Schwab,https://www.schwabjobs.com/search-jobs
Ross Stores,https://jobs.rossstores.com/
Mastercard,https://careers.mastercard.com/
Genuine Parts,https://jobs.genpt.com/search-jobs
WestRock,https://www.westrock.com/company/careers
EOG Resources,https://careers.eogresources.com/adhocjobsearch.asp
Cognizant Technology Solutions,https://careers.cognizant.com/india-en/
Moderna,https://www.modernatx.com/careers/life-at-moderna
Steel Dynamics,https://www.steeldynamics.com/careersnew/
HF Sinclair,https://careers.hfsinclair.com/
Texas Instruments,https://careers.ti.com/
Emerson Electric,https://www.emerson.com/en-in/careers
WESCO International,https://www.wesco.com/us/en/our-company/careers.html
General Mills,https://careers.generalmills.com/careers/
Tenneco,https://jobs.tenneco.com/
Waste Management,https://www.wm.com/careers/
Viatris,https://www.viatris.com/en/careers
DISH Network,https://careers.dish.com/careers/careers-overview
L3Harris Technologies,https://careers.l3harris.com/search-jobs
DXC Technology,https://careers.dxc.com/
Block,https://block.xyz/careers
Goodyear Tire & Rubber,https://jobs.goodyear.com/
Uber Technologies,https://www.uber.com/in/en/careers/
Colgate-Palmolive,https://jobs.colgate.com/
Stanley Black & Decker,https://www.stanleyblackanddecker.com/careers
DuPont,https://careers.dupont.com/
Stryker,https://careers.stryker.com/
NextEra Energy,https://jobs.nexteraenergy.com/
Targa Resources,https://www.targaresources.com/careers/careers-overview
Western Digital,https://jobs.westerndigital.com/
PPG Industries,https://www.ppg.com/about-ppg/en-US/careers-at-ppg
American Electric Power,https://www.aep.com/careers/
Gap,https://www.gapinc.com/en-us/careers/gap-careers
BJ&#8217;s Wholesale Club,https://careers.bjs.com/
Reinsurance Group of America,https://www.rgare.com/careers/careers-overview
Kinder Morgan,https://www.kindermorgan.com/Careers/Job-Opportunities
Oneok,https://www.oneok.com/careers
Expeditors Intl. of Washington,https://www.expeditors.com/careers/
Advanced Micro Devices,https://careers.amd.com/careers-home
Fiserv,https://www.careers.fiserv.com/
Est√©e Lauder,https://www.elcompanies.com/en/careers
Bank of New York Mellon,https://www.bnymellon.com/us/en/careers/work-with-us.html
Laboratory Corp. of America,https://careers.labcorp.com/global/en/home
Regeneron Pharmaceuticals,https://careers.regeneron.com/en/jobs/
Land O'Lakes,https://careers.landolakesinc.com/us/en
Cheniere Energy,https://www.cheniere.com/careers
Southwest Airlines,https://careers.southwestair.com/
Adobe,https://www.adobe.com/careers.html
Synchrony Financial,https://www.synchronycareers.com/
Corteva,https://careers.corteva.com/
Fidelity National Financial,https://www.fnf.com/Careers
DTE Energy,https://www.dteenergy.com/us/en/business/about-dte/careers/careers.html
Murphy USA,https://www.murphyusa.com/murphyusa/jobs
Halliburton,https://jobs.halliburton.com/
Automatic Data Processing,https://jobs.adp.com/
Edison International,https://www.edisoncareers.com/edison-international-careers/
BorgWarner,https://www.borgwarner.com/careers
Nordstrom,https://careers.nordstrom.com/
Loews,https://careers.loewshotels.com/
Guardian Life Ins. Co. of America,https://www.guardianlife.com/careers
Pioneer Natural Resources,https://www.pxd.com/careers
AutoZone,https://careers.autozone.com/
Lam Research,https://www.lamresearch.com/careers/careers-overview/
American Family Insurance Group,https://www.amfam.com/about/careers
Illinois Tool Works,https://jobs.itw.com/
Parker-Hannifin,https://www.parker.com/us/en/careers.html
Otis Worldwide,https://www.otis.com/en/us/careers
Omnicom Group,https://www.linkedin.com/company/omnicom/jobs
Principal Financial,https://www.principal.com/about-us/careers
Dominion Energy,https://careers.dominionenergy.com/
Kellogg,https://www.kelloggs.co.nz/en_NZ/careers.html
Fluor,https://www.fluor.com/careers/
AECOM,https://aecom.com/careers/
Reliance Steel & Aluminum,https://reliance.com/careers/
Jacobs Engineering Group,https://www.jacobs.com/contact/careers
Corning,https://www.corning.com/in/en/careers.html
Farmers Insurance Exchange,https://www.farmers.com/careers/
Qurate Retail,https://careers.qurateretailgroup.com/
Pacific Life,https://www.pacificlife.com/home/Careers.html
PulteGroup,https://www.pultegroupinc.com/home/default.aspx
Fidelity National Information Services,https://careers.fisglobal.com/us/en
IQVIA Holdings,https://jobs.iqvia.com/en
Marriott International,https://careers.marriott.com/
Berry Global Group,https://www.berryglobal.com/en/careers
Ball,https://www.ball.com/careers
Group 1 Automotive,https://www.group1careers.com/
Leidos Holdings,https://careers.leidos.com/
Wayfair,https://www.wayfair.com/careers/jobs
Consolidated Edison,https://www.coned.com/en/about-us/careers
Ameriprise Financial,https://www.ameriprise.com/careers
Xcel Energy,https://jobs.xcelenergy.com/jobs
O'Reilly Automotive,https://careers.oreillyauto.com/
Global Partners,https://careers.globalp.com/us/en/c/operations-jobs
Discover Financial Services,https://jobs.discover.com/
Rocket Companies,https://www.myrocketcareer.com/
LKQ,https://www.lkqcorp.com/culture-and-careers/
W.W. Grainger,https://jobs.grainger.com/
Quanta Services,https://quantaservices.com/careers/
Crown Holdings,https://www.crowncork.com/careers
Fox,https://www.foxcareers.com/
Sempra,https://www.sempra.com/careers
Markel,https://www.markel.com/about-us/careers
Carvana,https://www.carvana.com/careers
XPO Logistics,https://jobs.xpo.com/
Baxter International,https://www.baxter.com/careers
Ecolab,https://jobs.ecolab.com/
Tractor Supply,https://www.tractorsupply.careers/
Andersons,https://www.andersonsinc.com/careers/
Keurig Dr Pepper,https://careers.keurigdrpepper.com/en
Universal Health Services,https://jobs.uhsinc.com/careers/jobs
CSX,https://www.csx.com/index.cfm/working-at-csx/
Henry Schein,https://www.henryschein.com/us-en/corporate/career/default.aspx
Sonic Automotive,https://jobs.sonicautomotive.com/search
eBay,https://jobs.ebayinc.com/
Textron,https://careers.textron.com/
Jones Financial (Edward Jones),https://careers.edwardjones.com/
Community Health Systems,https://www.chs.net/careers/
Mosaic,https://www.mosaiccoindia.com/career/
Thor Industries,https://www.thorindustries.com/careers
Dick's Sporting Goods,https://www.dickssportinggoods.jobs/jobs/?
Newmont,https://jobs.newmont.com/
Devon Energy,https://www.devonenergy.com/careers
Warner Bros. Discovery,https://careers.wbd.com/
J.B. Hunt Transport Services,https://careers.jbhunt.com/
Alcoa,https://www.alcoa.com/careers/en
Peter Kiewit Sons',https://kiewitcareers.kiewit.com/
Aramark,https://careers.aramark.com/
Vistra,https://careers.vistra.com/
State Street,https://careers.statestreet.com/global/en
Unum Group,https://careers.unum.com/global/en/search-results
Alleghany,https://backafg1prod.wpengine.com/careers
Boston Scientific,https://www.bostonscientific.com/en-IN/careers.html
Westlake,https://www.westlaketalent.com/
Entergy,https://jobs.entergy.com/
International Flavors & Fragrances,https://www.iff.com/careers/
DaVita,https://careers.davita.com/
Mutual of Omaha Insurance,https://www.mutualofomaha.com/careers/jobs/search
Assurant,https://jobs.assurant.com/en/
Liberty Media,https://www.libertymedia.com/careers
Hormel Foods,https://www.hormelfoods.com/careers/
Icahn Enterprises,https://www.ielp.com/
Republic Services,https://jobs.republicservices.com/
Mohawk Industries,https://careers.mohawkind.com/
Conagra Brands,https://careers.conagrabrands.com/
Norfolk Southern,https://www.norfolksouthern.com/en/careers/find-your-future
AES,https://www.aes.com/careers
AGCO,https://careers.agcocorp.com/
Caesars Entertainment,https://www.caesars.com/careers
Equitable Holdings,http://equitable.com/careers-at-equitable
Advance Auto Parts,https://jobs.advanceautoparts.com/
Biogen,https://www.biogen.com/careers.html
Auto-Owners Insurance,https://www.auto-owners.com/about/career-opportunities
Booking Holdings,https://www.bookingholdings.com/careers/careers/
Amphenol,https://amphenol.com/careers
Quest Diagnostics,https://careers.questdiagnostics.com/
FirstEnergy,https://www.firstenergycorp.com/careers.html
DCP Midstream,https://www.indeed.com/cmp/Dcp-Midstream-Lp
Ally Financial,https://www.ally.com/about/careers/
Delek US Holdings,https://jobs.delekus.com/
Williams,https://www.williams.com/careers/
Newell Brands,https://careers.newellbrands.com/
Eastman Chemical,https://www.eastman.com/en/careers
Air Products & Chemicals,https://www.airproducts.com/careers
Thrivent Financial for Lutherans,https://careers.thrivent.com/jobs/
Molson Coors Beverage,https://www.molsoncoors.com/careers
Interpublic Group,https://www.interpublic.com/careers/
Weyerhaeuser,https://www.weyerhaeuser.com/careers/
Altice USA,https://www.alticeusacareers.com/
Raymond James Financial,https://www.raymondjames.com/careers
EMCOR Group,https://www.emcorgroup.com/careers
Eversource Energy,https://jobs.eversource.com/search-jobs?fl=6252001
Yum China Holdings,https://www.yum.com/careers/
Asbury Automotive Group,https://www.asburycareers.com/
Owens & Minor,https://www.owens-minor.com/careers/
Public Service Enterprise Group,https://corporate.pseg.com/careers
United Rentals,https://jobs.unitedrentals.com/
MGM Resorts International,https://careers.mgmresorts.com/global/en
Ryder System,https://www.ryder.com/en-us/careers
Intuit,https://www.intuit.com/in/careers/
Cincinnati Financial,https://www.cinfin.com/careers
Erie Insurance Group,https://www.erieinsurance.com/careers
Univar Solutions,https://careers.univarsolutions.com/
Huntington Ingalls Industries,https://hii.com/careers/
W.R. Berkley,https://www.berkley.com/about-us/careers
Western & Southern Financial Group,https://www.westernsouthern.com/careers
Insight Enterprises,https://www.insight.com/en_US/careers.html
News Corp.,https://newscorp.com/careers/
American Tower,https://www.americantower.com/us/careers
Old Republic International,https://www.oldrepublictitle.com/careers/
Burlington Stores,https://burlingtonstores.jobs/jobs/
Avis Budget Group,https://www.avisbudgetgroup.jobs/en/
ODP,https://careers.theodpcorp.com/en/
VF Corp.,https://www.vfc.com/careers
Bed Bath & Beyond,https://overstock.wd5.myworkdayjobs.com/BedBathandBeyond_Careers
Seaboard,https://www.seaboardcorp.com/working-at-seaboard/
First American Financial,https://careers.firstam.com/search-jobs
Intercontinental Exchange,https://www.ice.com/careers
PVH,https://careers.pvh.com/corporate-careers
Apollo Global Management,https://www.apollo.com/careers
Jefferies Financial Group,https://www.jefferies.com/careers/apply-now/
Hershey,https://www.hersheyland.in/careers-page
NVR,https://www.nvrcareers.com/
Foot Locker,https://careers.footlocker.com/
Dana,https://jobs.dana.com/go/View-All-Jobs/9152900/
SpartanNash,https://careers.spartannash.com/
Olin,https://olin.com/careers/
Chewy,https://careers.chewy.com/
Jackson Financial,https://www.jackson.com/the-jackson-difference/careers.html
Activision Blizzard,https://careers.activisionblizzard.com/
Toll Brothers,https://www.tollcareercenter.com/
Carlyle Group,https://www.carlyle.com/careers
Graybar Electric,https://www.graybar.com/careers
Ovintiv,https://www.ovintiv.com/why-work-at-ovintiv/
UFP Industries,https://www.ufpi.com/careers
Ulta Beauty,https://careers.ulta.com/
Constellation Brands,https://www.cbrands.com/pages/faq
Expedia Group,https://careers.expediagroup.com/jobs/
CommScope Holding,https://jobs.commscope.com/
Celanese,https://www.celanese.com/careers
Global Payments,https://jobs.globalpayments.com/en/
Owens Corning,https://careers.owenscorning.com/
Campbell Soup,https://careers.campbellsoupcompany.com/us/en
Huntsman,https://www.huntsman.com/careers
Franklin Resources,https://www.franklintempletoncareers.com/
Avery Dennison,https://www.averydennison.com/en/home/careers/overview.html
Masco,https://jobs.masco.com/
CenterPoint Energy,https://careers.centerpointenergy.com/
Fifth Third Bancorp,https://www.53.com/content/fifth-third/en/careers.html
WEC Energy Group,https://www.wecenergygroup.com/careers/
S&P Global,https://www.spglobal.com/en/explore-s-p-global/careers
FM Global,https://jobs.fmglobalcareers.com/
Polaris,https://www.polaris.com/en-us/careers/
Williams-Sonoma,https://www.williams-sonomainc.com/careers/jobs/
Autoliv,https://www.autoliv.com/careers
Arthur J. Gallagher,https://jobs.ajg.com/
Motorola Solutions,https://www.motorolasolutions.com/en_xp/about/careers.html
Zillow Group,https://www.zillow.com/careers/
Opendoor Technologies,https://www.opendoor.com/careers
J.M. Smucker,https://www.jmsmucker.com/careers
Anywhere Real Estate,https://anywhere.re/careers/
Oshkosh,https://www.oshkoshcorp.com/careers
MasTec,https://careers.mastec.com/
GXO Logistics,https://gxo.com/careers/
APA,https://www.apa.org/about/apa-jobs
Boise Cascade,https://www.bc.com/careers/
Dover,https://careers.dovercorporation.com/
Genworth Financial,https://www.genworth.com/about-us/building-careers
Bath & Body Works,https://careers.bathandbodyworks.com/en/
Booz Allen Hamilton Holding,https://careers.boozallen.com/
Coinbase Global,https://www.coinbase.com/careers
Zimmer Biomet Holdings,https://careers.zimmerbiomet.com/
Westinghouse Air Brake Technologies,https://www.wabteccorp.com/careers
Zoetis,https://www.zoetis.com/join-us/careers-at-zoetis
Packaging Corp. of America,https://careers.packagingcorp.com/career-search/
LPL Financial Holdings,https://career.lpl.com/
T. Rowe Price,https://www.troweprice.com/corporate/us/en/careers.html
Fortune Brands Home & Security,https://www.fbin.com/careers/
Casey's General Stores,https://www.caseys.com/careers
A-Mark Precious Metals,https://json.amark.com/careers
Hess,https://www.hess.com/careers
Vertex Pharmaceuticals,https://www.vrtx.com/careers/
KeyCorp,https://www.key.com/about/careers.html
Chipotle,https://jobs.chipotle.com/
CMS Energy,https://www.cmsenergy.com/careers/default.aspx
Arconic,https://www.arconic.com/joinus
Taylor Morrison Home,https://careers.taylormorrison.com/
American Financial Group,https://www.afginc.com/about-us/corporate-social-responsibility/workplace
UGI,https://careers.ugicorp.com/UGIUtilities/
Science Applications International,https://jobs.saic.com/
Avantor,https://www.avantorsciences.com/si/en/about/careers
Hanesbrands,https://careers.hanes.com/
Clorox,https://www.thecloroxcompany.com/careers/
KBR,https://careers.kbr.com/
TravelCenters of America,https://www.ta-petro.com/careers/
Hertz Global Holdings,https://jobs.hertzcareers.com/
Analog Devices,https://www.analog.com/en/careers.html
Securian Financial Group,https://www.securian.com/about-us/careers.html
Darden Restaurants,https://www.darden.com/careers
NCR,https://www.ncratleos.com/careers
Graphic Packaging Holding,https://www.graphicpkg.com/careers/
Brighthouse Financial,https://www.brighthousefinancial.com/careers
PPL,https://www.paradeepphosphates.com/careers
Cintas,https://www.cintas.com/careers
Xerox Holdings,https://www.xerox.com/en-in/jobs
Rockwell Automation,https://www.rockwellautomation.com/en-in/careers.html
Citizens Financial Group,https://jobs.citizensbank.com/
KLA,https://www.kla.com/careers
Camping World Holdings,https://www.campingworldjobs.com/
Ingredion,https://www.ingredion.com/na/en-us/company/careers.html
Veritiv,https://careers.veritiv.com/
Beacon Roofing Supply,https://jobs.becn.com/
Diamondback Energy,https://www.diamondbackenergy.com/careers
Victoria's Secret,https://careers.victoriassecret.com/en/
Academy Sports and Outdoors,https://careers.academy.com/
Sanmina,https://www.sanmina.com/careers/your-job-search/
ON Semiconductor,https://www.onsemi.com/careers
Commercial Metals,https://www.cmc.com/en-us/cmc-careers
EnLink Midstream,https://careers.enlink.com/careers-home/
Southwestern Energy,https://www.swn.com/careers/
Equinix,https://careers.equinix.com/homepage
Dillard&#8217;s,https://careers.dillards.com/Careers/
Regions Financial,https://careers.regions.com/
Yum Brands,https://jobs.yum.com/
Landstar System,https://www.landstar.com/corporate-information/careers/
CF Industries Holdings,https://careers.cfindustries.com/
Northern Trust,https://www.northerntrust.com/united-states/about-us/careers
Robert Half International,https://careers.roberthalf.com/global/en/home
Compass,https://www.compass-group.com/en/working-for-us/career-opportunities.html
Hasbro,https://jobs.hasbro.com/viewalljobs/
Roper Technologies,https://www.ropertech.com/
ARKO,https://www.arconational.com/build-with-us/
Frontier Communications,https://frontier-careers.com/career-areas/
Ameren,https://www.ameren.com/company/careers
